{"cameraMode":{"drawMode":0,"name":"Shaded","section":"Shading Mode"},"sceneLighting":false,"audioPlay":false,"sceneViewState":{"m_AlwaysRefresh":false,"showFog":true,"showSkybox":false,"showFlares":true,"showImageEffects":true,"showParticleSystems":true,"showVisualEffectGraphs":true,"m_FxEnabled":true},"in2DMode":false,"pivot":{"x":0.029803991317749025,"y":-3.8136823177337648,"z":-5.316352844238281},"rotation":{"x":-0.05074189975857735,"y":0.8126294016838074,"z":-0.07164900004863739,"w":-0.576215922832489},"size":1.9986659288406373,"orthographic":true}