{"cameraMode":{"drawMode":0,"name":"Shaded","section":"Shading Mode"},"sceneLighting":false,"audioPlay":false,"sceneViewState":{"m_AlwaysRefresh":false,"showFog":true,"showSkybox":true,"showFlares":true,"showImageEffects":true,"showParticleSystems":true,"showVisualEffectGraphs":true,"m_FxEnabled":true},"in2DMode":false,"pivot":{"x":-6.298230171203613,"y":15.342781066894532,"z":4.017423152923584},"rotation":{"x":-0.5387354493141174,"y":-0.048689473420381549,"z":0.031199203804135324,"w":-0.8405172824859619},"size":0.8660253882408142,"orthographic":false}